<?xml version="1.0" encoding="UTF-8"?>
<config>
<Sql>
		<socket>
			<name>testexample</name>
			<type>mysql</type>
			<host>test.test.fn</host>
			<port>3306</port>
			<user>user</user>
			<password>pass</password> 
			<dbname>dbname_#{seq}</dbname>
			<seq>0,1</seq> 
		</socket> 
</Sql>

<NoSql> 
	<socket>
		<name>testname</name>
		<type>solr</type>
		<ip>solr.test.fn:2181</ip>
		<defaultValue>collection</defaultValue>
		<handler>com.test.handler.GetCollection</handler>
	</socket>
</NoSql>
</config>