<config>  
<dataflow>
 
		<TransParam> 
			<param>
				<name>fullCron</name>
				<value>0 0 0/1 * * ?</value>
			</param>
			<param>
				<name>deltaCron</name>
				<value>0 0/5 * * * ?</value>
			</param> 
			<param>
				<name>writeTo</name>
				<value>testname</value>
			</param>  

                       <!--- pipe start parameters -->
		 
			<param> 
				<name>readFrom</name> 
				<value>testexample</value> 
			</param>
                           
                       <param>
                             <name>writeMechanism</name>
                             <value>ab</value>
                       </param>
                       <param>
				<name>writeType</name>
				<value>full</value>
		       </param>
                       <param>
				<name>writerPoolShareAlias</name>
				<value>true</value>
			</param> 
                        <param>
                             <name>multiThread</name>
                             <value>false</value>
                        </param>
			
                        <!--- pipe compute service parameters -->
                        
                        <!--- pipe search service parameters -->
                         <param>
				<name>searchFrom</name>
				<value>testname</value>
			</param>  
			 
		</TransParam>

                <ReadParam>   
                        <param>
				<name>keyField</name>
				<value>subject_id</value>
			</param>
			<param>
				<name>scanField</name>
				<value>modify_time</value>
			</param>
			<param>
				<name>dataScanDSL</name>
				<value><![CDATA[  
SELECT t.*, CONCAT('[',
  GROUP_CONCAT(
  CONCAT('{"predicate":"', REPLACE(kg_datas.predicate,'"',''), '",'),
  CONCAT('"object":"', REPLACE(kg_datas.object,'"',' '), '"}')),
  ']') as data
from (SELECT subject_id,subject,alias,GROUP_CONCAT(kg_type.name) as type FROM `kg_subject`  JOIN kg_type
ON FIND_IN_SET(kg_type.type_id,kg_subject.type) WHERE  kg_subject.subject_id>'#{page_start}' AND kg_subject.subject_id <='#{page_end}' AND kg_subject.modify_time > '#{start_time}'
GROUP BY subject_id) t LEFT JOIN kg_datas on kg_datas.subject_id=t.subject_id 
GROUP BY t.subject_id     
]]></value>
			</param>
			<param>
				<name>pageScanDSL</name>
				<value><![CDATA[ 
SELECT subject_id FROM `kg_subject` 
			   WHERE  modify_time > '#{start_time}'
]]>
				</value>
			</param>
             </ReadParam> 
		
<ExternConfig>
<param>
				<name>number_of_shards</name>
				<value>1</value>
			</param>
			<param>
				<name>number_of_replicas</name>
				<value>0</value>
			</param>
</ExternConfig>

              
<WriteParam>
   <param>
	<name>writeKey</name>
	<value>subject_id</value>
   </param>
   <param>
	<name>keyType</name>
	<value>unique</value>
   </param>

  <fields>
<field name="subject_id" indexed="true" stored="true" indextype="text" analyzer="" paramname="id" paramtype="java.lang.String" />  
<field name="subject" indexed="true" stored="false" indextype="text" analyzer="" paramname="subject" paramtype="java.lang.String" /> 
<field name="alias" indexed="true" stored="false" indextype="text" analyzer="" separator="," paramname="alias" paramtype="java.lang.String" /> 
<field name="type" indexed="true" stored="false" indextype="text" analyzer="" paramname="type" paramtype="java.lang.String" /> 
<field name="data" indexed="true" stored="false" indextype="nested" analyzer="" paramname="data" paramtype="java.lang.String" /> 
<field name="modify_time" indexed="true" stored="false" indextype="long" analyzer="" paramname="modify_time" paramtype="org.elasticflow.field.handler.LongRangeType" /> 
  </fields>
</WriteParam>


<SearchParam> 
<param>
		<name>start</name>
		<paramtype>java.lang.Integer</paramtype>
		<defaultValue>0</defaultValue>
	</param>
	<param>
		<name>count</name>
		<paramtype>java.lang.Integer</paramtype>
		<defaultValue>1</defaultValue>
	</param>
	<param>
		<name>sort</name>
		<paramtype>java.lang.String</paramtype>
	</param>
	<param>
		<name>facet</name>
		<paramtype>java.lang.String</paramtype>
	</param>					
	<param>
		<fields>title,content</fields>
		<name>q</name>
		<paramtype>java.lang.String</paramtype>
	</param>
</SearchParam>
</dataflow>  

</config> 
